logical_nodegroup,bucket_start,network_out_gib,network_in_gib,total_gib,in_service_instances,source_snapshot
cluster-1-spot,2026-07-14T09:00:00+09:00,0.117959,0.355793,0.473752,2,2026-08-02
cluster-1-spot,2026-07-14T10:00:00+09:00,0.118439,0.356451,0.474890,2,2026-08-02
cluster-1-spot,2026-07-14T11:00:00+09:00,0.110742,0.300538,0.411280,2,2026-08-02
cluster-1-spot,2026-07-14T12:00:00+09:00,0.164649,0.527098,0.691747,2,2026-08-02
cluster-1-spot,2026-07-14T13:00:00+09:00,0.195690,0.374872,0.570563,2,2026-08-02
cluster-1-spot,2026-07-14T14:00:00+09:00,0.193997,0.371366,0.565363,2,2026-08-02
cluster-1-spot,2026-07-14T15:00:00+09:00,0.194024,0.371595,0.565619,2,2026-08-02
cluster-1-spot,2026-07-14T16:00:00+09:00,0.195173,0.372298,0.567471,2,2026-08-02
cluster-1-spot,2026-07-14T17:00:00+09:00,0.193556,0.371738,0.565294,2,2026-08-02
cluster-1-spot,2026-07-14T18:00:00+09:00,0.191133,0.371160,0.562293,2,2026-08-02
cluster-1-spot,2026-07-14T19:00:00+09:00,0.190983,0.371544,0.562527,2,2026-08-02
cluster-1-spot,2026-07-14T20:00:00+09:00,0.191049,0.370913,0.561963,2,2026-08-02
cluster-1-spot,2026-07-14T21:00:00+09:00,0.190809,0.371201,0.562009,2,2026-08-02
cluster-1-spot,2026-07-14T22:00:00+09:00,0.191176,0.370960,0.562136,2,2026-08-02
cluster-1-spot,2026-07-14T23:00:00+09:00,0.190956,0.371595,0.562551,2,2026-08-02
cluster-1-spot,2026-07-15T00:00:00+09:00,0.191410,0.372362,0.563772,2,2026-08-02
cluster-1-spot,2026-07-15T01:00:00+09:00,0.190933,0.370661,0.561595,2,2026-08-02
cluster-1-spot,2026-07-15T02:00:00+09:00,0.369224,0.827756,1.196980,2,2026-08-02
cluster-1-spot,2026-07-15T03:00:00+09:00,1.172786,1.500385,2.673171,2,2026-08-02
cluster-1-spot,2026-07-15T04:00:00+09:00,1.165779,1.486137,2.651916,2,2026-08-02
cluster-1-spot,2026-07-15T05:00:00+09:00,1.168678,1.489446,2.658124,2,2026-08-02
cluster-1-spot,2026-07-15T06:00:00+09:00,1.167888,1.488404,2.656292,2,2026-08-02
cluster-1-spot,2026-07-15T07:00:00+09:00,1.168340,1.490936,2.659276,2,2026-08-02
cluster-1-spot,2026-07-15T08:00:00+09:00,1.164852,1.483840,2.648693,2,2026-08-02
cluster-1-spot,2026-07-15T09:00:00+09:00,1.166254,1.485634,2.651888,2,2026-08-02
cluster-1-spot,2026-07-15T10:00:00+09:00,1.159903,1.474656,2.634559,2,2026-08-02
cluster-1-spot,2026-07-15T11:00:00+09:00,1.166199,1.486290,2.652489,2,2026-08-02
cluster-1-spot,2026-07-15T12:00:00+09:00,1.167451,1.487363,2.654814,2,2026-08-02
cluster-1-spot,2026-07-15T13:00:00+09:00,1.164905,1.485513,2.650418,2,2026-08-02
cluster-1-spot,2026-07-15T14:00:00+09:00,1.159760,1.478295,2.638055,2,2026-08-02
cluster-1-spot,2026-07-15T15:00:00+09:00,1.164977,1.484732,2.649709,2,2026-08-02
cluster-1-spot,2026-07-15T16:00:00+09:00,1.163841,1.483770,2.647611,2,2026-08-02
cluster-1-spot,2026-07-15T17:00:00+09:00,1.162174,1.481442,2.643616,2,2026-08-02
cluster-1-spot,2026-07-15T18:00:00+09:00,1.161499,1.480007,2.641506,2,2026-08-02
cluster-1-spot,2026-07-15T19:00:00+09:00,1.164929,1.487356,2.652285,2,2026-08-02
cluster-1-spot,2026-07-15T20:00:00+09:00,1.154408,1.473119,2.627527,2,2026-08-02
cluster-1-spot,2026-07-15T21:00:00+09:00,1.164918,1.485615,2.650533,2,2026-08-02
cluster-1-spot,2026-07-15T22:00:00+09:00,1.160303,1.479120,2.639423,2,2026-08-02
cluster-1-spot,2026-07-15T23:00:00+09:00,1.165278,1.484410,2.649687,2,2026-08-02
cluster-1-spot,2026-07-16T00:00:00+09:00,1.162093,1.481602,2.643696,2,2026-08-02
cluster-1-spot,2026-07-16T01:00:00+09:00,1.167008,1.487969,2.654977,2,2026-08-02
cluster-1-spot,2026-07-16T02:00:00+09:00,1.160586,1.479143,2.639730,2,2026-08-02
cluster-1-spot,2026-07-16T03:00:00+09:00,1.161881,1.485344,2.647224,2,2026-08-02
cluster-1-spot,2026-07-16T04:00:00+09:00,1.160097,1.482530,2.642627,2,2026-08-02
cluster-1-spot,2026-07-16T05:00:00+09:00,1.164339,1.486751,2.651090,2,2026-08-02
cluster-1-spot,2026-07-16T06:00:00+09:00,1.174546,1.496662,2.671208,2,2026-08-02
cluster-1-spot,2026-07-16T07:00:00+09:00,1.170878,1.494435,2.665313,2,2026-08-02
cluster-1-spot,2026-07-16T08:00:00+09:00,1.159833,1.481872,2.641705,2,2026-08-02
cluster-1-spot,2026-07-16T09:00:00+09:00,1.162599,1.485245,2.647844,2,2026-08-02
cluster-1-spot,2026-07-16T10:00:00+09:00,1.174070,1.496219,2.670289,2,2026-08-02
cluster-1-spot,2026-07-16T11:00:00+09:00,1.177349,1.499094,2.676443,2,2026-08-02
cluster-1-spot,2026-07-16T12:00:00+09:00,1.177835,1.500256,2.678091,2,2026-08-02
cluster-1-spot,2026-07-16T13:00:00+09:00,1.177620,1.498995,2.676615,2,2026-08-02
cluster-1-spot,2026-07-16T14:00:00+09:00,1.177950,1.501005,2.678955,2,2026-08-02
cluster-1-spot,2026-07-16T15:00:00+09:00,1.177061,1.498394,2.675456,2,2026-08-02
cluster-1-spot,2026-07-16T16:00:00+09:00,1.178089,1.499360,2.677449,2,2026-08-02
cluster-1-spot,2026-07-16T17:00:00+09:00,1.178583,1.501751,2.680333,2,2026-08-02
cluster-1-spot,2026-07-16T18:00:00+09:00,1.177652,1.499184,2.676836,2,2026-08-02
cluster-1-spot,2026-07-16T19:00:00+09:00,1.176738,1.498755,2.675493,2,2026-08-02
cluster-1-spot,2026-07-16T20:00:00+09:00,1.178050,1.500416,2.678466,2,2026-08-02
cluster-1-spot,2026-07-16T21:00:00+09:00,1.176793,1.497811,2.674604,2,2026-08-02
cluster-1-spot,2026-07-16T22:00:00+09:00,1.174261,1.498198,2.672459,2,2026-08-02
cluster-1-spot,2026-07-16T23:00:00+09:00,1.173408,1.498468,2.671875,2,2026-08-02
cluster-1-spot,2026-07-17T00:00:00+09:00,1.173092,1.497318,2.670409,2,2026-08-02
cluster-1-spot,2026-07-17T01:00:00+09:00,1.172880,1.497097,2.669976,2,2026-08-02
cluster-1-spot,2026-07-17T02:00:00+09:00,1.175771,1.498130,2.673901,2,2026-08-02
cluster-1-spot,2026-07-17T03:00:00+09:00,1.177064,1.498091,2.675155,2,2026-08-02
cluster-1-spot,2026-07-17T04:00:00+09:00,1.174980,1.496495,2.671475,2,2026-08-02
cluster-1-spot,2026-07-17T05:00:00+09:00,1.174815,1.495966,2.670781,2,2026-08-02
cluster-1-spot,2026-07-17T06:00:00+09:00,1.176477,1.497991,2.674468,2,2026-08-02
cluster-1-spot,2026-07-17T07:00:00+09:00,1.178055,1.500521,2.678576,2,2026-08-02
cluster-1-spot,2026-07-17T08:00:00+09:00,1.176358,1.498071,2.674429,2,2026-08-02
cluster-1-spot,2026-07-17T09:00:00+09:00,1.383853,3.153104,4.536957,2,2026-08-02
cluster-1-spot,2026-07-17T10:00:00+09:00,1.698730,2.385559,4.084289,2,2026-08-02
cluster-1-spot,2026-07-17T11:00:00+09:00,1.689691,2.588201,4.277892,2,2026-08-02
cluster-1-spot,2026-07-17T12:00:00+09:00,1.726171,2.442021,4.168192,2,2026-08-02
cluster-1-spot,2026-07-17T13:00:00+09:00,1.724565,2.400285,4.124849,2,2026-08-02
cluster-1-spot,2026-07-17T14:00:00+09:00,1.748960,3.617501,5.366461,2.033333333333333,2026-08-02
cluster-1-spot,2026-07-17T15:00:00+09:00,1.747391,2.413186,4.160578,2,2026-08-02
cluster-1-spot,2026-07-17T16:00:00+09:00,1.731903,2.615732,4.347635,2,2026-08-02
cluster-1-spot,2026-07-17T17:00:00+09:00,1.727773,2.418815,4.146588,2,2026-08-02
cluster-1-spot,2026-07-17T18:00:00+09:00,1.718984,2.191425,3.910409,2,2026-08-02
cluster-1-spot,2026-07-17T19:00:00+09:00,1.690773,2.139302,3.830075,2,2026-08-02
cluster-1-spot,2026-07-17T20:00:00+09:00,1.686697,2.132445,3.819142,2,2026-08-02
cluster-1-spot,2026-07-17T21:00:00+09:00,1.667135,2.105736,3.772871,2,2026-08-02
cluster-1-spot,2026-07-17T22:00:00+09:00,1.659391,2.096314,3.755705,2,2026-08-02
cluster-1-spot,2026-07-17T23:00:00+09:00,1.644841,2.074780,3.719621,2,2026-08-02
cluster-1-spot,2026-07-18T00:00:00+09:00,1.638643,2.063851,3.702495,2,2026-08-02
cluster-1-spot,2026-07-18T01:00:00+09:00,1.631199,2.054492,3.685691,2,2026-08-02
cluster-1-spot,2026-07-18T02:00:00+09:00,1.620360,2.040927,3.661287,2,2026-08-02
cluster-1-spot,2026-07-18T03:00:00+09:00,1.615344,2.032932,3.648277,2,2026-08-02
cluster-1-spot,2026-07-18T04:00:00+09:00,1.625904,2.027842,3.653746,2,2026-08-02
cluster-1-spot,2026-07-18T05:00:00+09:00,1.636808,2.021717,3.658526,2,2026-08-02
cluster-1-spot,2026-07-18T06:00:00+09:00,1.630432,2.017426,3.647858,2,2026-08-02
cluster-1-spot,2026-07-18T07:00:00+09:00,1.633193,2.017858,3.651051,2,2026-08-02
cluster-1-spot,2026-07-18T08:00:00+09:00,1.618557,2.001219,3.619776,2,2026-08-02
cluster-2-spot,2026-07-14T09:00:00+09:00,0.005266,0.032006,0.037272,1,2026-08-02
cluster-2-spot,2026-07-14T10:00:00+09:00,0.005272,0.031936,0.037209,1,2026-08-02
cluster-2-spot,2026-07-14T11:00:00+09:00,0.005280,0.032016,0.037296,1,2026-08-02
cluster-2-spot,2026-07-14T12:00:00+09:00,0.109677,0.363291,0.472968,1,2026-08-02
cluster-2-spot,2026-07-14T13:00:00+09:00,0.158387,0.372225,0.530612,1,2026-08-02
cluster-2-spot,2026-07-14T14:00:00+09:00,0.155093,0.364999,0.520093,1,2026-08-02
cluster-2-spot,2026-07-14T15:00:00+09:00,0.155202,0.365425,0.520627,1,2026-08-02
cluster-2-spot,2026-07-14T16:00:00+09:00,0.155288,0.365440,0.520728,1,2026-08-02
cluster-2-spot,2026-07-14T17:00:00+09:00,0.155044,0.364985,0.520029,1,2026-08-02
cluster-2-spot,2026-07-14T18:00:00+09:00,0.155146,0.365489,0.520635,1,2026-08-02
cluster-2-spot,2026-07-14T19:00:00+09:00,0.155438,0.365782,0.521220,1,2026-08-02
cluster-2-spot,2026-07-14T20:00:00+09:00,0.154654,0.364122,0.518776,1,2026-08-02
cluster-2-spot,2026-07-14T21:00:00+09:00,0.155127,0.365215,0.520342,1,2026-08-02
cluster-2-spot,2026-07-14T22:00:00+09:00,0.155105,0.365069,0.520174,1,2026-08-02
cluster-2-spot,2026-07-14T23:00:00+09:00,0.155218,0.365751,0.520968,1,2026-08-02
cluster-2-spot,2026-07-15T00:00:00+09:00,0.155012,0.365025,0.520037,1,2026-08-02
cluster-2-spot,2026-07-15T01:00:00+09:00,0.155239,0.365494,0.520732,1,2026-08-02
cluster-2-spot,2026-07-15T02:00:00+09:00,0.208454,0.554833,0.763286,1,2026-08-02
cluster-2-spot,2026-07-15T03:00:00+09:00,0.711886,1.730600,2.442486,1.1,2026-08-02
cluster-2-spot,2026-07-15T04:00:00+09:00,1.005737,1.768950,2.774688,3,2026-08-02
cluster-2-spot,2026-07-15T05:00:00+09:00,5.997808,6.162589,12.160397,3,2026-08-02
cluster-2-spot,2026-07-15T06:00:00+09:00,8.666588,8.827208,17.493795,3,2026-08-02
cluster-2-spot,2026-07-15T07:00:00+09:00,8.687460,8.845911,17.533371,3,2026-08-02
cluster-2-spot,2026-07-15T08:00:00+09:00,8.665914,8.825139,17.491053,3,2026-08-02
cluster-2-spot,2026-07-15T09:00:00+09:00,29.388745,29.679456,59.068202,3,2026-08-02
cluster-2-spot,2026-07-15T10:00:00+09:00,66.031585,66.465537,132.497122,3,2026-08-02
cluster-2-spot,2026-07-15T11:00:00+09:00,72.463226,73.352686,145.815912,3,2026-08-02
cluster-2-spot,2026-07-15T12:00:00+09:00,25.549874,25.651932,51.201807,3,2026-08-02
cluster-2-spot,2026-07-15T13:00:00+09:00,21.252655,21.276890,42.529545,3,2026-08-02
cluster-2-spot,2026-07-15T14:00:00+09:00,22.059513,21.886918,43.946432,3,2026-08-02
cluster-2-spot,2026-07-15T15:00:00+09:00,56.886419,56.029530,112.915949,3,2026-08-02
cluster-2-spot,2026-07-15T16:00:00+09:00,25.221784,24.974365,50.196149,3,2026-08-02
cluster-2-spot,2026-07-15T17:00:00+09:00,31.037630,31.559749,62.597379,3,2026-08-02
cluster-2-spot,2026-07-15T18:00:00+09:00,30.564633,31.219187,61.783820,3,2026-08-02
cluster-2-spot,2026-07-15T19:00:00+09:00,30.342356,31.064904,61.407259,3,2026-08-02
cluster-2-spot,2026-07-15T20:00:00+09:00,30.285168,31.024235,61.309403,3,2026-08-02
cluster-2-spot,2026-07-15T21:00:00+09:00,30.204670,30.961700,61.166371,3,2026-08-02
cluster-2-spot,2026-07-15T22:00:00+09:00,30.184722,30.954153,61.138876,3,2026-08-02
cluster-2-spot,2026-07-15T23:00:00+09:00,30.187910,30.950388,61.138297,3,2026-08-02
cluster-2-spot,2026-07-16T00:00:00+09:00,30.186453,30.948396,61.134849,3,2026-08-02
cluster-2-spot,2026-07-16T01:00:00+09:00,30.192301,30.957478,61.149779,3,2026-08-02
cluster-2-spot,2026-07-16T02:00:00+09:00,30.196991,30.966027,61.163018,3,2026-08-02
cluster-2-spot,2026-07-16T03:00:00+09:00,30.179459,30.945952,61.125411,3,2026-08-02
cluster-2-spot,2026-07-16T04:00:00+09:00,30.178491,30.945651,61.124142,3,2026-08-02
cluster-2-spot,2026-07-16T05:00:00+09:00,30.200956,30.959280,61.160237,3,2026-08-02
cluster-2-spot,2026-07-16T06:00:00+09:00,30.179792,30.940578,61.120369,3,2026-08-02
cluster-2-spot,2026-07-16T07:00:00+09:00,30.176603,30.938645,61.115248,3,2026-08-02
cluster-2-spot,2026-07-16T08:00:00+09:00,30.183768,30.948719,61.132487,3,2026-08-02
cluster-2-spot,2026-07-16T09:00:00+09:00,30.173674,30.939111,61.112785,3,2026-08-02
cluster-2-spot,2026-07-16T10:00:00+09:00,28.742103,29.227846,57.969950,3,2026-08-02
cluster-2-spot,2026-07-16T11:00:00+09:00,28.702260,29.188661,57.890921,3,2026-08-02
cluster-2-spot,2026-07-16T12:00:00+09:00,28.697129,29.181823,57.878951,3,2026-08-02
cluster-2-spot,2026-07-16T13:00:00+09:00,28.714503,29.197625,57.912128,3,2026-08-02
cluster-2-spot,2026-07-16T14:00:00+09:00,28.712451,29.193546,57.905997,3,2026-08-02
cluster-2-spot,2026-07-16T15:00:00+09:00,30.104280,30.643101,60.747382,3,2026-08-02
cluster-2-spot,2026-07-16T16:00:00+09:00,30.116400,30.642470,60.758870,3,2026-08-02
cluster-2-spot,2026-07-16T17:00:00+09:00,30.158103,30.676365,60.834468,3,2026-08-02
cluster-2-spot,2026-07-16T18:00:00+09:00,30.227443,30.720988,60.948431,3,2026-08-02
cluster-2-spot,2026-07-16T19:00:00+09:00,30.202320,30.701564,60.903883,3,2026-08-02
cluster-2-spot,2026-07-16T20:00:00+09:00,30.172392,30.676938,60.849330,3,2026-08-02
cluster-2-spot,2026-07-16T21:00:00+09:00,30.189203,30.685313,60.874516,3,2026-08-02
cluster-2-spot,2026-07-16T22:00:00+09:00,30.185471,30.679713,60.865185,3,2026-08-02
cluster-2-spot,2026-07-16T23:00:00+09:00,30.197180,30.687547,60.884728,3,2026-08-02
cluster-2-spot,2026-07-17T00:00:00+09:00,30.190584,30.684112,60.874696,3,2026-08-02
cluster-2-spot,2026-07-17T01:00:00+09:00,30.198169,30.688607,60.886775,3,2026-08-02
cluster-2-spot,2026-07-17T02:00:00+09:00,21.030908,23.069773,44.100681,3,2026-08-02
cluster-2-spot,2026-07-17T03:00:00+09:00,0.210747,0.791488,1.002235,3,2026-08-02
cluster-2-spot,2026-07-17T04:00:00+09:00,0.177576,0.214300,0.391876,3,2026-08-02
cluster-2-spot,2026-07-17T05:00:00+09:00,0.177523,0.214288,0.391810,3,2026-08-02
cluster-2-spot,2026-07-17T06:00:00+09:00,0.177576,0.214390,0.391966,3,2026-08-02
cluster-2-spot,2026-07-17T07:00:00+09:00,0.177769,0.214470,0.392239,3,2026-08-02
cluster-2-spot,2026-07-17T08:00:00+09:00,0.177665,0.214358,0.392023,3,2026-08-02
cluster-2-spot,2026-07-17T09:00:00+09:00,0.154903,0.906281,1.061184,3.0166666666666666,2026-08-02
cluster-2-spot,2026-07-17T10:00:00+09:00,0.107532,0.143738,0.251269,3,2026-08-02
cluster-2-spot,2026-07-17T11:00:00+09:00,0.109327,0.145448,0.254775,3,2026-08-02
cluster-2-spot,2026-07-17T12:00:00+09:00,0.111484,0.147699,0.259182,3,2026-08-02
cluster-2-spot,2026-07-17T13:00:00+09:00,0.112357,0.148508,0.260865,3,2026-08-02
cluster-2-spot,2026-07-17T14:00:00+09:00,0.093542,1.029209,1.122752,3.033333333333333,2026-08-02
cluster-2-spot,2026-07-17T15:00:00+09:00,0.049777,0.085612,0.135389,3,2026-08-02
cluster-2-spot,2026-07-17T16:00:00+09:00,0.051106,0.087029,0.138135,3,2026-08-02
cluster-2-spot,2026-07-17T17:00:00+09:00,0.052824,0.088803,0.141627,3,2026-08-02
cluster-2-spot,2026-07-17T18:00:00+09:00,0.054332,0.090200,0.144532,3,2026-08-02
cluster-2-spot,2026-07-17T19:00:00+09:00,0.054395,0.090222,0.144617,3,2026-08-02
cluster-2-spot,2026-07-17T20:00:00+09:00,0.054688,0.090547,0.145235,3,2026-08-02
cluster-2-spot,2026-07-17T21:00:00+09:00,0.054483,0.090453,0.144936,3,2026-08-02
cluster-2-spot,2026-07-17T22:00:00+09:00,0.054345,0.090137,0.144482,3,2026-08-02
cluster-2-spot,2026-07-17T23:00:00+09:00,0.054385,0.090238,0.144623,3,2026-08-02
cluster-2-spot,2026-07-18T00:00:00+09:00,0.054723,0.090664,0.145388,3,2026-08-02
cluster-2-spot,2026-07-18T01:00:00+09:00,0.054564,0.090539,0.145103,3,2026-08-02
cluster-2-spot,2026-07-18T02:00:00+09:00,0.054436,0.090318,0.144754,3,2026-08-02
cluster-2-spot,2026-07-18T03:00:00+09:00,0.054404,0.090192,0.144597,3,2026-08-02
cluster-2-spot,2026-07-18T04:00:00+09:00,0.054430,0.090382,0.144812,3,2026-08-02
cluster-2-spot,2026-07-18T05:00:00+09:00,0.054448,0.090418,0.144866,3,2026-08-02
cluster-2-spot,2026-07-18T06:00:00+09:00,0.054652,0.090574,0.145225,3,2026-08-02
cluster-2-spot,2026-07-18T07:00:00+09:00,0.054637,0.090516,0.145153,3,2026-08-02
cluster-2-spot,2026-07-18T08:00:00+09:00,0.054474,0.090333,0.144807,3,2026-08-02
