provider,case,wire_bytes,decoded_bytes,content_encoding,http_seconds,status_code,raw_json_bytes,normalized_bytes,agent_body_bytes,original_items,returned_items,truth_expected,truth_retained,truth_retention_ratio,contract_valid,contract_reason,transform_seconds_median,transform_peak_bytes,cycle,observed_at
kubernetes,stress,835690,835690,controlled-amplification,0.0,200,835690,253170,253300,400,221,2,2,1.0,True,accepted,0.019706082995980978,764603,1,2026-08-02T12:02:05+00:00
prometheus,stress,583722,583722,controlled-amplification,0.0,200,583722,61328,61458,2500,250,1,1,1.0,True,accepted,0.010711791983339936,1026639,1,2026-08-02T12:02:05+00:00
loki,stress,19649,19649,controlled-amplification,0.0,200,19649,27788,27906,80,80,4,4,1.0,True,accepted,0.010228125000139698,46929,1,2026-08-02T12:02:05+00:00
tempo,stress,319582,319582,controlled-amplification,0.0,200,319582,330761,330881,500,500,1,1,1.0,True,accepted,0.07612849998986349,2013792,1,2026-08-02T12:02:05+00:00
kubernetes,stress,835690,835690,controlled-amplification,0.0,200,835690,253170,253300,400,221,2,2,1.0,True,accepted,0.01951325000845827,764547,2,2026-08-02T12:02:35+00:00
prometheus,stress,581222,581222,controlled-amplification,0.0,200,581222,61077,61207,2500,250,1,1,1.0,True,accepted,0.010773292015073821,1026471,2,2026-08-02T12:02:35+00:00
loki,stress,19649,19649,controlled-amplification,0.0,200,19649,27788,27906,80,80,4,4,1.0,True,accepted,0.01039420801680535,46817,2,2026-08-02T12:02:35+00:00
tempo,stress,319582,319582,controlled-amplification,0.0,200,319582,330761,330881,500,500,1,1,1.0,True,accepted,0.07050745899323374,2012896,2,2026-08-02T12:02:35+00:00
kubernetes,stress,835690,835690,controlled-amplification,0.0,200,835690,253170,253300,400,221,2,2,1.0,True,accepted,0.0197522500238847,764491,3,2026-08-02T12:03:05+00:00
prometheus,stress,583722,583722,controlled-amplification,0.0,200,583722,61328,61458,2500,250,1,1,1.0,True,accepted,0.01261016700300388,1026303,3,2026-08-02T12:03:05+00:00
loki,stress,19649,19649,controlled-amplification,0.0,200,19649,27788,27906,80,80,4,4,1.0,True,accepted,0.011881834012456238,46752,3,2026-08-02T12:03:05+00:00
tempo,stress,319582,319582,controlled-amplification,0.0,200,319582,330761,330881,500,500,1,1,1.0,True,accepted,0.11491570898215286,2012784,3,2026-08-02T12:03:05+00:00
kubernetes,stress,835690,835690,controlled-amplification,0.0,200,835690,253170,253300,400,221,2,2,1.0,True,accepted,0.022288207983365282,764443,4,2026-08-02T12:03:35+00:00
prometheus,stress,583722,583722,controlled-amplification,0.0,200,583722,61328,61458,2500,250,1,1,1.0,True,accepted,0.01377820799825713,1026159,4,2026-08-02T12:03:35+00:00
loki,stress,19649,19649,controlled-amplification,0.0,200,19649,27788,27906,80,80,4,4,1.0,True,accepted,0.01325395901221782,46609,4,2026-08-02T12:03:35+00:00
tempo,stress,319582,319582,controlled-amplification,0.0,200,319582,330761,330881,500,500,1,1,1.0,True,accepted,0.07949450000887737,2012688,4,2026-08-02T12:03:35+00:00
kubernetes,stress,835690,835690,controlled-amplification,0.0,200,835690,253170,253300,400,221,2,2,1.0,True,accepted,0.020616624999092892,764387,5,2026-08-02T12:04:05+00:00
prometheus,stress,583722,583722,controlled-amplification,0.0,200,583722,61328,61458,2500,250,1,1,1.0,True,accepted,0.010960625018924475,1025999,5,2026-08-02T12:04:05+00:00
loki,stress,19649,19649,controlled-amplification,0.0,200,19649,27788,27906,80,80,4,4,1.0,True,accepted,0.010458541015395895,46560,5,2026-08-02T12:04:05+00:00
tempo,stress,319582,319582,controlled-amplification,0.0,200,319582,330761,330881,500,500,1,1,1.0,True,accepted,0.0778427500044927,2012592,5,2026-08-02T12:04:05+00:00
kubernetes,stress,835690,835690,controlled-amplification,0.0,200,835690,253170,253300,400,221,2,2,1.0,True,accepted,0.022136917017633095,764379,6,2026-08-02T12:04:35+00:00
prometheus,stress,581222,581222,controlled-amplification,0.0,200,581222,61077,61207,2500,250,1,1,1.0,True,accepted,0.011649332998786122,1025999,6,2026-08-02T12:04:35+00:00
loki,stress,19649,19649,controlled-amplification,0.0,200,19649,27788,27906,80,80,4,4,1.0,True,accepted,0.010772624984383583,49317,6,2026-08-02T12:04:35+00:00
tempo,stress,319582,319582,controlled-amplification,0.0,200,319582,330761,330881,500,500,1,1,1.0,True,accepted,0.08056666600168683,2012576,6,2026-08-02T12:04:35+00:00
kubernetes,stress,835690,835690,controlled-amplification,0.0,200,835690,253170,253300,400,221,2,2,1.0,True,accepted,0.02029112499440089,764379,7,2026-08-02T12:05:05+00:00
prometheus,stress,583722,583722,controlled-amplification,0.0,200,583722,61328,61458,2500,250,1,1,1.0,True,accepted,0.011769333010306582,1025999,7,2026-08-02T12:05:05+00:00
loki,stress,19649,19649,controlled-amplification,0.0,200,19649,27788,27906,80,80,4,4,1.0,True,accepted,0.012990042014280334,46497,7,2026-08-02T12:05:05+00:00
tempo,stress,319582,319582,controlled-amplification,0.0,200,319582,330761,330881,500,500,1,1,1.0,True,accepted,0.07541295798728243,2012576,7,2026-08-02T12:05:05+00:00
kubernetes,stress,835690,835690,controlled-amplification,0.0,200,835690,253170,253300,400,221,2,2,1.0,True,accepted,0.020044874981977046,764379,8,2026-08-02T12:05:35+00:00
prometheus,stress,583722,583722,controlled-amplification,0.0,200,583722,61328,61458,2500,250,1,1,1.0,True,accepted,0.011526332993526012,1025999,8,2026-08-02T12:05:35+00:00
loki,stress,19648,19648,controlled-amplification,0.0,200,19648,27788,27906,80,80,4,4,1.0,True,accepted,0.010731167014455423,46638,8,2026-08-02T12:05:35+00:00
tempo,stress,319582,319582,controlled-amplification,0.0,200,319582,330761,330881,500,500,1,1,1.0,True,accepted,0.0743085419817362,2012576,8,2026-08-02T12:05:35+00:00
kubernetes,stress,835690,835690,controlled-amplification,0.0,200,835690,253170,253300,400,221,2,2,1.0,True,accepted,0.01963391702156514,764379,9,2026-08-02T12:06:05+00:00
prometheus,stress,583722,583722,controlled-amplification,0.0,200,583722,61328,61458,2500,250,1,1,1.0,True,accepted,0.011358541989466175,1025999,9,2026-08-02T12:06:05+00:00
loki,stress,19649,19649,controlled-amplification,0.0,200,19649,27788,27906,80,80,4,4,1.0,True,accepted,0.010885875002713874,46732,9,2026-08-02T12:06:05+00:00
tempo,stress,319582,319582,controlled-amplification,0.0,200,319582,330761,330881,500,500,1,1,1.0,True,accepted,0.07756474998313934,2012576,9,2026-08-02T12:06:05+00:00
kubernetes,stress,835690,835690,controlled-amplification,0.0,200,835690,253170,253300,400,221,2,2,1.0,True,accepted,0.02036437499918975,764379,10,2026-08-02T12:06:35+00:00
prometheus,stress,583722,583722,controlled-amplification,0.0,200,583722,61328,61458,2500,250,1,1,1.0,True,accepted,0.01229241699911654,1026215,10,2026-08-02T12:06:35+00:00
loki,stress,19649,19649,controlled-amplification,0.0,200,19649,27789,27907,80,80,4,4,1.0,True,accepted,0.011554209020687267,46638,10,2026-08-02T12:06:35+00:00
tempo,stress,319582,319582,controlled-amplification,0.0,200,319582,330761,330881,500,500,1,1,1.0,True,accepted,0.07528175000334159,2012576,10,2026-08-02T12:06:35+00:00
kubernetes,stress,835690,835690,controlled-amplification,0.0,200,835690,253170,253300,400,221,2,2,1.0,True,accepted,0.01978041700203903,764379,11,2026-08-02T12:07:05+00:00
prometheus,stress,583722,583722,controlled-amplification,0.0,200,583722,61328,61458,2500,250,1,1,1.0,True,accepted,0.011351458000717685,1025999,11,2026-08-02T12:07:05+00:00
loki,stress,19649,19649,controlled-amplification,0.0,200,19649,27789,27907,80,80,4,4,1.0,True,accepted,0.010977666999679059,46497,11,2026-08-02T12:07:05+00:00
tempo,stress,319582,319582,controlled-amplification,0.0,200,319582,330761,330881,500,500,1,1,1.0,True,accepted,0.07369883300270885,2012576,11,2026-08-02T12:07:05+00:00
kubernetes,stress,835690,835690,controlled-amplification,0.0,200,835690,253170,253300,400,221,2,2,1.0,True,accepted,0.020785375003470108,764379,12,2026-08-02T12:07:35+00:00
prometheus,stress,583722,583722,controlled-amplification,0.0,200,583722,61328,61458,2500,250,1,1,1.0,True,accepted,0.011913416004972532,1025999,12,2026-08-02T12:07:35+00:00
loki,stress,19649,19649,controlled-amplification,0.0,200,19649,27789,27907,80,80,4,4,1.0,True,accepted,0.01079949998529628,46497,12,2026-08-02T12:07:35+00:00
tempo,stress,319582,319582,controlled-amplification,0.0,200,319582,330761,330881,500,500,1,1,1.0,True,accepted,0.0781934580008965,2013296,12,2026-08-02T12:07:35+00:00
kubernetes,stress,835690,835690,controlled-amplification,0.0,200,835690,253170,253300,400,221,2,2,1.0,True,accepted,0.020433791010873392,764379,13,2026-08-02T12:08:05+00:00
prometheus,stress,583722,583722,controlled-amplification,0.0,200,583722,61328,61458,2500,250,1,1,1.0,True,accepted,0.011963666998781264,1025999,13,2026-08-02T12:08:05+00:00
loki,stress,19650,19650,controlled-amplification,0.0,200,19650,27789,27907,80,80,4,4,1.0,True,accepted,0.0111288339830935,46497,13,2026-08-02T12:08:05+00:00
tempo,stress,319582,319582,controlled-amplification,0.0,200,319582,330761,330881,500,500,1,1,1.0,True,accepted,0.07623325000167824,2012576,13,2026-08-02T12:08:05+00:00
kubernetes,stress,835690,835690,controlled-amplification,0.0,200,835690,253170,253300,400,221,2,2,1.0,True,accepted,0.020107084012124687,764379,14,2026-08-02T12:08:35+00:00
prometheus,stress,583722,583722,controlled-amplification,0.0,200,583722,61328,61458,2500,250,1,1,1.0,True,accepted,0.011421250004786998,1025999,14,2026-08-02T12:08:35+00:00
loki,stress,19650,19650,controlled-amplification,0.0,200,19650,27789,27907,80,80,4,4,1.0,True,accepted,0.010613000020384789,46544,14,2026-08-02T12:08:35+00:00
tempo,stress,319582,319582,controlled-amplification,0.0,200,319582,330761,330881,500,500,1,1,1.0,True,accepted,0.07873716700123623,2013792,14,2026-08-02T12:08:35+00:00
kubernetes,stress,835690,835690,controlled-amplification,0.0,200,835690,253170,253300,400,221,2,2,1.0,True,accepted,0.021590416989056394,764379,15,2026-08-02T12:09:05+00:00
prometheus,stress,583722,583722,controlled-amplification,0.0,200,583722,61328,61458,2500,250,1,1,1.0,True,accepted,0.01197316698380746,1025999,15,2026-08-02T12:09:05+00:00
loki,stress,19650,19650,controlled-amplification,0.0,200,19650,27789,27907,80,80,4,4,1.0,True,accepted,0.010826499987160787,46497,15,2026-08-02T12:09:05+00:00
tempo,stress,319582,319582,controlled-amplification,0.0,200,319582,330761,330881,500,500,1,1,1.0,True,accepted,0.0921020419918932,2012576,15,2026-08-02T12:09:05+00:00
kubernetes,stress,525871,525871,controlled-amplification,0.0,200,525871,215590,215720,140,161,2,0,0.0,True,accepted,0.017795874999137595,643189,16,2026-08-02T12:09:35+00:00
prometheus,stress,583722,583722,controlled-amplification,0.0,200,583722,61328,61458,2500,250,1,1,1.0,True,accepted,0.012395458994433284,1025999,16,2026-08-02T12:09:35+00:00
loki,stress,19649,19649,controlled-amplification,0.0,200,19649,27789,27907,80,80,4,4,1.0,True,accepted,0.011809000017819926,46497,16,2026-08-02T12:09:35+00:00
tempo,stress,319582,319582,controlled-amplification,0.0,200,319582,330761,330881,500,500,1,1,1.0,True,accepted,0.07387120800558478,2012576,16,2026-08-02T12:09:35+00:00
kubernetes,stress,525871,525871,controlled-amplification,0.0,200,525871,215590,215720,140,161,2,0,0.0,True,accepted,0.017418625007849187,643189,17,2026-08-02T12:10:05+00:00
prometheus,stress,583722,583722,controlled-amplification,0.0,200,583722,61328,61458,2500,250,1,1,1.0,True,accepted,0.011086457991041243,1025999,17,2026-08-02T12:10:05+00:00
loki,stress,19650,19650,controlled-amplification,0.0,200,19650,27789,27907,80,80,4,4,1.0,True,accepted,0.010535667010117322,46497,17,2026-08-02T12:10:05+00:00
tempo,stress,319582,319582,controlled-amplification,0.0,200,319582,330761,330881,500,500,1,1,1.0,True,accepted,0.07329412500257604,2012576,17,2026-08-02T12:10:05+00:00
kubernetes,stress,525871,525871,controlled-amplification,0.0,200,525871,215590,215720,140,161,2,0,0.0,True,accepted,0.018632291990797967,643189,18,2026-08-02T12:10:35+00:00
prometheus,stress,583722,583722,controlled-amplification,0.0,200,583722,61328,61458,2500,250,1,1,1.0,True,accepted,0.013361624995013699,1025999,18,2026-08-02T12:10:35+00:00
loki,stress,19650,19650,controlled-amplification,0.0,200,19650,27789,27907,80,80,4,4,1.0,True,accepted,0.010910124983638525,46497,18,2026-08-02T12:10:35+00:00
tempo,stress,319582,319582,controlled-amplification,0.0,200,319582,330761,330881,500,500,1,1,1.0,True,accepted,0.07669570899452083,2012576,18,2026-08-02T12:10:35+00:00
kubernetes,stress,525871,525871,controlled-amplification,0.0,200,525871,215590,215720,140,161,2,0,0.0,True,accepted,0.018429582996759564,643189,19,2026-08-02T12:11:05+00:00
prometheus,stress,583722,583722,controlled-amplification,0.0,200,583722,61328,61458,2500,250,1,1,1.0,True,accepted,0.012158957979409024,1025999,19,2026-08-02T12:11:05+00:00
loki,stress,19650,19650,controlled-amplification,0.0,200,19650,27789,27907,80,80,4,4,1.0,True,accepted,0.011311665992252529,46497,19,2026-08-02T12:11:05+00:00
tempo,stress,319582,319582,controlled-amplification,0.0,200,319582,330761,330881,500,500,1,1,1.0,True,accepted,0.08193112499429844,2012576,19,2026-08-02T12:11:05+00:00
kubernetes,stress,593630,593630,controlled-amplification,0.0,200,593630,241410,241540,180,201,2,2,1.0,True,accepted,0.01916616701055318,728747,20,2026-08-02T12:11:35+00:00
prometheus,stress,583722,583722,controlled-amplification,0.0,200,583722,61328,61458,2500,250,1,1,1.0,True,accepted,0.011244459019508213,1025999,20,2026-08-02T12:11:35+00:00
loki,stress,19650,19650,controlled-amplification,0.0,200,19650,27789,27907,80,80,4,4,1.0,True,accepted,0.010590874997433275,46497,20,2026-08-02T12:11:35+00:00
tempo,stress,319582,319582,controlled-amplification,0.0,200,319582,330761,330881,500,500,1,1,1.0,True,accepted,0.0735697910131421,2012576,20,2026-08-02T12:11:35+00:00
kubernetes,stress,593630,593630,controlled-amplification,0.0,200,593630,241410,241540,180,201,2,2,1.0,True,accepted,0.02030420899973251,728747,21,2026-08-02T12:12:05+00:00
prometheus,stress,583722,583722,controlled-amplification,0.0,200,583722,61328,61458,2500,250,1,1,1.0,True,accepted,0.011252875003265217,1026215,21,2026-08-02T12:12:05+00:00
loki,stress,19650,19650,controlled-amplification,0.0,200,19650,27789,27907,80,80,4,4,1.0,True,accepted,0.010601499991025776,46497,21,2026-08-02T12:12:05+00:00
tempo,stress,319582,319582,controlled-amplification,0.0,200,319582,330761,330881,500,500,1,1,1.0,True,accepted,0.07453437501681037,2012576,21,2026-08-02T12:12:05+00:00
kubernetes,stress,593630,593630,controlled-amplification,0.0,200,593630,241410,241540,180,201,2,2,1.0,True,accepted,0.019630791997769848,728747,22,2026-08-02T12:12:35+00:00
prometheus,stress,583722,583722,controlled-amplification,0.0,200,583722,61328,61458,2500,250,1,1,1.0,True,accepted,0.011997666006209329,1025999,22,2026-08-02T12:12:35+00:00
loki,stress,19650,19650,controlled-amplification,0.0,200,19650,27789,27907,80,80,4,4,1.0,True,accepted,0.010673250013496727,46544,22,2026-08-02T12:12:35+00:00
tempo,stress,319582,319582,controlled-amplification,0.0,200,319582,330761,330881,500,500,1,1,1.0,True,accepted,0.07499220798490569,2012576,22,2026-08-02T12:12:35+00:00
kubernetes,stress,593630,593630,controlled-amplification,0.0,200,593630,241410,241540,180,201,2,2,1.0,True,accepted,0.01984604200697504,728747,23,2026-08-02T12:13:05+00:00
prometheus,stress,583722,583722,controlled-amplification,0.0,200,583722,61328,61458,2500,250,1,1,1.0,True,accepted,0.012241332995472476,1025999,23,2026-08-02T12:13:05+00:00
loki,stress,19650,19650,controlled-amplification,0.0,200,19650,27789,27907,80,80,4,4,1.0,True,accepted,0.011364249978214502,46497,23,2026-08-02T12:13:05+00:00
tempo,stress,319582,319582,controlled-amplification,0.0,200,319582,330761,330881,500,500,1,1,1.0,True,accepted,0.08190683298744261,2013792,23,2026-08-02T12:13:05+00:00
kubernetes,stress,593630,593630,controlled-amplification,0.0,200,593630,241410,241540,180,201,2,2,1.0,True,accepted,0.01928391700494103,728747,24,2026-08-02T12:13:35+00:00
prometheus,stress,583722,583722,controlled-amplification,0.0,200,583722,61328,61458,2500,250,1,1,1.0,True,accepted,0.011198999971384183,1025999,24,2026-08-02T12:13:35+00:00
loki,stress,19650,19650,controlled-amplification,0.0,200,19650,27789,27907,80,80,4,4,1.0,True,accepted,0.010665208013961092,46497,24,2026-08-02T12:13:35+00:00
tempo,stress,319582,319582,controlled-amplification,0.0,200,319582,330761,330881,500,500,1,1,1.0,True,accepted,0.0892174159816932,2012576,24,2026-08-02T12:13:35+00:00
kubernetes,stress,593630,593630,controlled-amplification,0.0,200,593630,241410,241540,180,201,2,2,1.0,True,accepted,0.01969429201562889,728747,25,2026-08-02T12:14:05+00:00
prometheus,stress,583722,583722,controlled-amplification,0.0,200,583722,61328,61458,2500,250,1,1,1.0,True,accepted,0.0115028329892084,1025999,25,2026-08-02T12:14:05+00:00
loki,stress,19650,19650,controlled-amplification,0.0,200,19650,27789,27907,80,80,4,4,1.0,True,accepted,0.010722375009208918,46497,25,2026-08-02T12:14:05+00:00
tempo,stress,319582,319582,controlled-amplification,0.0,200,319582,330761,330881,500,500,1,1,1.0,True,accepted,0.07474983300198801,2012576,25,2026-08-02T12:14:05+00:00
kubernetes,stress,593630,593630,controlled-amplification,0.0,200,593630,241410,241540,180,201,2,2,1.0,True,accepted,0.020038832997670397,728747,26,2026-08-02T12:14:35+00:00
prometheus,stress,583722,583722,controlled-amplification,0.0,200,583722,61328,61458,2500,250,1,1,1.0,True,accepted,0.011780500004533678,1025999,26,2026-08-02T12:14:35+00:00
loki,stress,19650,19650,controlled-amplification,0.0,200,19650,27789,27907,80,80,4,4,1.0,True,accepted,0.010903874994255602,46685,26,2026-08-02T12:14:35+00:00
tempo,stress,319582,319582,controlled-amplification,0.0,200,319582,330761,330881,500,500,1,1,1.0,True,accepted,0.07570166600635275,2012576,26,2026-08-02T12:14:35+00:00
kubernetes,stress,593630,593630,controlled-amplification,0.0,200,593630,241410,241540,180,201,2,2,1.0,True,accepted,0.020191874995362014,728747,27,2026-08-02T12:15:05+00:00
prometheus,stress,583722,583722,controlled-amplification,0.0,200,583722,61328,61458,2500,250,1,1,1.0,True,accepted,0.011980125011177734,1025999,27,2026-08-02T12:15:05+00:00
loki,stress,19650,19650,controlled-amplification,0.0,200,19650,27789,27907,80,80,4,4,1.0,True,accepted,0.010773957998026162,46732,27,2026-08-02T12:15:05+00:00
tempo,stress,319582,319582,controlled-amplification,0.0,200,319582,330761,330881,500,500,1,1,1.0,True,accepted,0.07558820900158025,2012576,27,2026-08-02T12:15:05+00:00
kubernetes,stress,593630,593630,controlled-amplification,0.0,200,593630,241410,241540,180,201,2,2,1.0,True,accepted,0.0194164999993518,728747,28,2026-08-02T12:15:35+00:00
prometheus,stress,583722,583722,controlled-amplification,0.0,200,583722,61328,61458,2500,250,1,1,1.0,True,accepted,0.011512124998262152,1025999,28,2026-08-02T12:15:35+00:00
loki,stress,19650,19650,controlled-amplification,0.0,200,19650,27789,27907,80,80,4,4,1.0,True,accepted,0.010665000008884817,46591,28,2026-08-02T12:15:35+00:00
tempo,stress,319582,319582,controlled-amplification,0.0,200,319582,330761,330881,500,500,1,1,1.0,True,accepted,0.07529704199987464,2012576,28,2026-08-02T12:15:35+00:00
kubernetes,stress,593630,593630,controlled-amplification,0.0,200,593630,241410,241540,180,201,2,2,1.0,True,accepted,0.021499042020877823,728747,29,2026-08-02T12:16:05+00:00
prometheus,stress,583722,583722,controlled-amplification,0.0,200,583722,61328,61458,2500,250,1,1,1.0,True,accepted,0.01245220800046809,1025999,29,2026-08-02T12:16:05+00:00
loki,stress,19649,19649,controlled-amplification,0.0,200,19649,27789,27907,80,80,4,4,1.0,True,accepted,0.011208333016838878,46544,29,2026-08-02T12:16:05+00:00
tempo,stress,319582,319582,controlled-amplification,0.0,200,319582,330761,330881,500,500,1,1,1.0,True,accepted,0.07714170799590647,2012576,29,2026-08-02T12:16:05+00:00
kubernetes,stress,593630,593630,controlled-amplification,0.0,200,593630,241410,241540,180,201,2,2,1.0,True,accepted,0.019874874997185543,728747,30,2026-08-02T12:16:35+00:00
prometheus,stress,583722,583722,controlled-amplification,0.0,200,583722,61328,61458,2500,250,1,1,1.0,True,accepted,0.01184470800217241,1026271,30,2026-08-02T12:16:35+00:00
loki,stress,19649,19649,controlled-amplification,0.0,200,19649,27789,27907,80,80,4,4,1.0,True,accepted,0.010887832992011681,46638,30,2026-08-02T12:16:35+00:00
tempo,stress,319582,319582,controlled-amplification,0.0,200,319582,330761,330881,500,500,1,1,1.0,True,accepted,0.0784515000123065,2012576,30,2026-08-02T12:16:35+00:00
kubernetes,stress,593630,593630,controlled-amplification,0.0,200,593630,241410,241540,180,201,2,2,1.0,True,accepted,0.01985737498034723,728747,31,2026-08-02T12:17:05+00:00
prometheus,stress,583722,583722,controlled-amplification,0.0,200,583722,61328,61458,2500,250,1,1,1.0,True,accepted,0.011954041983699426,1025999,31,2026-08-02T12:17:05+00:00
loki,stress,19650,19650,controlled-amplification,0.0,200,19650,27789,27907,80,80,4,4,1.0,True,accepted,0.010730667010648176,46497,31,2026-08-02T12:17:05+00:00
tempo,stress,319582,319582,controlled-amplification,0.0,200,319582,330761,330881,500,500,1,1,1.0,True,accepted,0.0846760009881109,2012576,31,2026-08-02T12:17:05+00:00
kubernetes,stress,593630,593630,controlled-amplification,0.0,200,593630,241410,241540,180,201,2,2,1.0,True,accepted,0.019922583975130692,728747,32,2026-08-02T12:17:35+00:00
prometheus,stress,581222,581222,controlled-amplification,0.0,200,581222,61077,61207,2500,250,1,1,1.0,True,accepted,0.01134433300467208,1025999,32,2026-08-02T12:17:35+00:00
loki,stress,19650,19650,controlled-amplification,0.0,200,19650,27789,27907,80,80,4,4,1.0,True,accepted,0.011619375000009313,46779,32,2026-08-02T12:17:35+00:00
tempo,stress,319582,319582,controlled-amplification,0.0,200,319582,330761,330881,500,500,1,1,1.0,True,accepted,0.07456199999433011,2013792,32,2026-08-02T12:17:35+00:00
kubernetes,stress,593630,593630,controlled-amplification,0.0,200,593630,241410,241540,180,201,2,2,1.0,True,accepted,0.019921582977985963,728747,33,2026-08-02T12:18:05+00:00
prometheus,stress,583722,583722,controlled-amplification,0.0,200,583722,61328,61458,2500,250,1,1,1.0,True,accepted,0.01163408299908042,1025999,33,2026-08-02T12:18:05+00:00
loki,stress,19650,19650,controlled-amplification,0.0,200,19650,27789,27907,80,80,4,4,1.0,True,accepted,0.010538416012423113,46967,33,2026-08-02T12:18:05+00:00
tempo,stress,319582,319582,controlled-amplification,0.0,200,319582,330761,330881,500,500,1,1,1.0,True,accepted,0.07520741698681377,2012576,33,2026-08-02T12:18:05+00:00
kubernetes,stress,593630,593630,controlled-amplification,0.0,200,593630,241410,241540,180,201,2,2,1.0,True,accepted,0.019746000005397946,728747,34,2026-08-02T12:18:35+00:00
prometheus,stress,583722,583722,controlled-amplification,0.0,200,583722,61328,61458,2500,250,1,1,1.0,True,accepted,0.01175429200520739,1025999,34,2026-08-02T12:18:35+00:00
loki,stress,19650,19650,controlled-amplification,0.0,200,19650,27789,27907,80,80,4,4,1.0,True,accepted,0.010590458987280726,46873,34,2026-08-02T12:18:35+00:00
tempo,stress,319582,319582,controlled-amplification,0.0,200,319582,330761,330881,500,500,1,1,1.0,True,accepted,0.08452837500954047,2012576,34,2026-08-02T12:18:35+00:00
kubernetes,stress,593630,593630,controlled-amplification,0.0,200,593630,241410,241540,180,201,2,2,1.0,True,accepted,0.020252542017260566,728747,35,2026-08-02T12:19:05+00:00
prometheus,stress,583722,583722,controlled-amplification,0.0,200,583722,61328,61458,2500,250,1,1,1.0,True,accepted,0.011830125004053116,1025999,35,2026-08-02T12:19:05+00:00
loki,stress,19648,19648,controlled-amplification,0.0,200,19648,27789,27907,80,80,4,4,1.0,True,accepted,0.011011333990609273,46497,35,2026-08-02T12:19:05+00:00
tempo,stress,319582,319582,controlled-amplification,0.0,200,319582,330761,330881,500,500,1,1,1.0,True,accepted,0.0752604579902254,2012576,35,2026-08-02T12:19:05+00:00
kubernetes,stress,593630,593630,controlled-amplification,0.0,200,593630,241410,241540,180,201,2,2,1.0,True,accepted,0.020655833010096103,728747,36,2026-08-02T12:19:35+00:00
prometheus,stress,581222,581222,controlled-amplification,0.0,200,581222,61077,61207,2500,250,1,1,1.0,True,accepted,0.012350874982075766,1025999,36,2026-08-02T12:19:35+00:00
loki,stress,19649,19649,controlled-amplification,0.0,200,19649,27789,27907,80,80,4,4,1.0,True,accepted,0.010994209005730227,46544,36,2026-08-02T12:19:35+00:00
tempo,stress,319582,319582,controlled-amplification,0.0,200,319582,330761,330881,500,500,1,1,1.0,True,accepted,0.08082458301214501,2012576,36,2026-08-02T12:19:35+00:00
kubernetes,stress,593630,593630,controlled-amplification,0.0,200,593630,241410,241540,180,201,2,2,1.0,True,accepted,0.019383667007787153,728747,37,2026-08-02T12:20:05+00:00
prometheus,stress,583722,583722,controlled-amplification,0.0,200,583722,61328,61458,2500,250,1,1,1.0,True,accepted,0.011748500022804365,1025999,37,2026-08-02T12:20:05+00:00
loki,stress,19650,19650,controlled-amplification,0.0,200,19650,27789,27907,80,80,4,4,1.0,True,accepted,0.01071929099271074,46732,37,2026-08-02T12:20:05+00:00
tempo,stress,319582,319582,controlled-amplification,0.0,200,319582,330761,330881,500,500,1,1,1.0,True,accepted,0.07509137500892393,2012576,37,2026-08-02T12:20:05+00:00
kubernetes,stress,593630,593630,controlled-amplification,0.0,200,593630,241410,241540,180,201,2,2,1.0,True,accepted,0.019778082991251722,728747,38,2026-08-02T12:20:35+00:00
prometheus,stress,583722,583722,controlled-amplification,0.0,200,583722,61328,61458,2500,250,1,1,1.0,True,accepted,0.011816292011644691,1025999,38,2026-08-02T12:20:35+00:00
loki,stress,19649,19649,controlled-amplification,0.0,200,19649,27789,27907,80,80,4,4,1.0,True,accepted,0.012586166005348787,46497,38,2026-08-02T12:20:35+00:00
tempo,stress,319582,319582,controlled-amplification,0.0,200,319582,330761,330881,500,500,1,1,1.0,True,accepted,0.07460295801865868,2012576,38,2026-08-02T12:20:35+00:00
kubernetes,stress,593630,593630,controlled-amplification,0.0,200,593630,241410,241540,180,201,2,2,1.0,True,accepted,0.019444249977823347,728747,39,2026-08-02T12:21:05+00:00
prometheus,stress,583722,583722,controlled-amplification,0.0,200,583722,61328,61458,2500,250,1,1,1.0,True,accepted,0.011720708018401638,1026215,39,2026-08-02T12:21:05+00:00
loki,stress,19649,19649,controlled-amplification,0.0,200,19649,27789,27907,80,80,4,4,1.0,True,accepted,0.010609124990878627,46497,39,2026-08-02T12:21:05+00:00
tempo,stress,319582,319582,controlled-amplification,0.0,200,319582,330761,330881,500,500,1,1,1.0,True,accepted,0.07391766700311564,2012576,39,2026-08-02T12:21:05+00:00
kubernetes,stress,593630,593630,controlled-amplification,0.0,200,593630,241410,241540,180,201,2,2,1.0,True,accepted,0.019804999988991767,728747,40,2026-08-02T12:21:35+00:00
prometheus,stress,583722,583722,controlled-amplification,0.0,200,583722,61328,61458,2500,250,1,1,1.0,True,accepted,0.011647041013929993,1025999,40,2026-08-02T12:21:35+00:00
loki,stress,19650,19650,controlled-amplification,0.0,200,19650,27789,27907,80,80,4,4,1.0,True,accepted,0.011288666020845994,46497,40,2026-08-02T12:21:35+00:00
tempo,stress,319582,319582,controlled-amplification,0.0,200,319582,330761,330881,500,500,1,1,1.0,True,accepted,0.07635645900154486,2012576,40,2026-08-02T12:21:35+00:00
kubernetes,stress,593630,593630,controlled-amplification,0.0,200,593630,241410,241540,180,201,2,2,1.0,True,accepted,0.019661375001305714,728747,41,2026-08-02T12:22:05+00:00
prometheus,stress,583722,583722,controlled-amplification,0.0,200,583722,61328,61458,2500,250,1,1,1.0,True,accepted,0.011727041011909023,1025999,41,2026-08-02T12:22:05+00:00
loki,stress,19649,19649,controlled-amplification,0.0,200,19649,27789,27907,80,80,4,4,1.0,True,accepted,0.010720708989538252,49693,41,2026-08-02T12:22:05+00:00
tempo,stress,319582,319582,controlled-amplification,0.0,200,319582,330761,330881,500,500,1,1,1.0,True,accepted,0.07540145900566131,2013792,41,2026-08-02T12:22:05+00:00
kubernetes,stress,593630,593630,controlled-amplification,0.0,200,593630,241410,241540,180,201,2,2,1.0,True,accepted,0.020521917002042755,728747,42,2026-08-02T12:22:35+00:00
prometheus,stress,583722,583722,controlled-amplification,0.0,200,583722,61328,61458,2500,250,1,1,1.0,True,accepted,0.011372875014785677,1025999,42,2026-08-02T12:22:35+00:00
loki,stress,19650,19650,controlled-amplification,0.0,200,19650,27789,27907,80,80,4,4,1.0,True,accepted,0.01068620799924247,46591,42,2026-08-02T12:22:35+00:00
tempo,stress,319582,319582,controlled-amplification,0.0,200,319582,330761,330881,500,500,1,1,1.0,True,accepted,0.07400037502520718,2012576,42,2026-08-02T12:22:35+00:00
kubernetes,stress,593630,593630,controlled-amplification,0.0,200,593630,241410,241540,180,201,2,2,1.0,True,accepted,0.01984604200697504,728747,43,2026-08-02T12:23:05+00:00
prometheus,stress,583722,583722,controlled-amplification,0.0,200,583722,61328,61458,2500,250,1,1,1.0,True,accepted,0.011514167010318488,1025999,43,2026-08-02T12:23:05+00:00
loki,stress,19649,19649,controlled-amplification,0.0,200,19649,27789,27907,80,80,4,4,1.0,True,accepted,0.01064941700315103,46497,43,2026-08-02T12:23:05+00:00
tempo,stress,319582,319582,controlled-amplification,0.0,200,319582,330761,330881,500,500,1,1,1.0,True,accepted,0.07742295900243334,2012576,43,2026-08-02T12:23:05+00:00
kubernetes,stress,593630,593630,controlled-amplification,0.0,200,593630,241410,241540,180,201,2,2,1.0,True,accepted,0.0204081250121817,728747,44,2026-08-02T12:23:35+00:00
prometheus,stress,583722,583722,controlled-amplification,0.0,200,583722,61328,61458,2500,250,1,1,1.0,True,accepted,0.011845916014863178,1025999,44,2026-08-02T12:23:35+00:00
loki,stress,19650,19650,controlled-amplification,0.0,200,19650,27789,27907,80,80,4,4,1.0,True,accepted,0.010965166002279148,46638,44,2026-08-02T12:23:35+00:00
tempo,stress,319582,319582,controlled-amplification,0.0,200,319582,330761,330881,500,500,1,1,1.0,True,accepted,0.07726091600488871,2012576,44,2026-08-02T12:23:35+00:00
kubernetes,stress,593630,593630,controlled-amplification,0.0,200,593630,241410,241540,180,201,2,2,1.0,True,accepted,0.021060917002614588,728747,45,2026-08-02T12:24:05+00:00
prometheus,stress,583722,583722,controlled-amplification,0.0,200,583722,61328,61458,2500,250,1,1,1.0,True,accepted,0.012599334004335105,1025999,45,2026-08-02T12:24:05+00:00
loki,stress,19650,19650,controlled-amplification,0.0,200,19650,27789,27907,80,80,4,4,1.0,True,accepted,0.011217291990760714,46591,45,2026-08-02T12:24:05+00:00
tempo,stress,319582,319582,controlled-amplification,0.0,200,319582,330761,330881,500,500,1,1,1.0,True,accepted,0.07535383399226703,2012576,45,2026-08-02T12:24:05+00:00
kubernetes,stress,593630,593630,controlled-amplification,0.0,200,593630,241410,241540,180,201,2,2,1.0,True,accepted,0.01937383398762904,728747,46,2026-08-02T12:24:35+00:00
prometheus,stress,583722,583722,controlled-amplification,0.0,200,583722,61328,61458,2500,250,1,1,1.0,True,accepted,0.011358832998666912,1025999,46,2026-08-02T12:24:35+00:00
loki,stress,19649,19649,controlled-amplification,0.0,200,19649,27789,27907,80,80,4,4,1.0,True,accepted,0.010746624990133569,46497,46,2026-08-02T12:24:35+00:00
tempo,stress,319582,319582,controlled-amplification,0.0,200,319582,330761,330881,500,500,1,1,1.0,True,accepted,0.07348883399390616,2012576,46,2026-08-02T12:24:35+00:00
kubernetes,stress,593630,593630,controlled-amplification,0.0,200,593630,241410,241540,180,201,2,2,1.0,True,accepted,0.02007879101438448,728747,47,2026-08-02T12:25:05+00:00
prometheus,stress,583722,583722,controlled-amplification,0.0,200,583722,61328,61458,2500,250,1,1,1.0,True,accepted,0.01179033299558796,1025999,47,2026-08-02T12:25:05+00:00
loki,stress,19650,19650,controlled-amplification,0.0,200,19650,27789,27907,80,80,4,4,1.0,True,accepted,0.011979834001976997,46732,47,2026-08-02T12:25:05+00:00
tempo,stress,319582,319582,controlled-amplification,0.0,200,319582,330761,330881,500,500,1,1,1.0,True,accepted,0.07701604199246503,2012576,47,2026-08-02T12:25:05+00:00
kubernetes,stress,593630,593630,controlled-amplification,0.0,200,593630,241410,241540,180,201,2,2,1.0,True,accepted,0.019490415987093,728747,48,2026-08-02T12:25:35+00:00
prometheus,stress,583722,583722,controlled-amplification,0.0,200,583722,61328,61458,2500,250,1,1,1.0,True,accepted,0.011344291997374967,1025999,48,2026-08-02T12:25:35+00:00
loki,stress,19650,19650,controlled-amplification,0.0,200,19650,27789,27907,80,80,4,4,1.0,True,accepted,0.01066358300158754,46497,48,2026-08-02T12:25:35+00:00
tempo,stress,319582,319582,controlled-amplification,0.0,200,319582,330761,330881,500,500,1,1,1.0,True,accepted,0.07498541701352224,2013296,48,2026-08-02T12:25:35+00:00
kubernetes,stress,593630,593630,controlled-amplification,0.0,200,593630,241410,241540,180,201,2,2,1.0,True,accepted,0.02013533399440348,728747,49,2026-08-02T12:26:05+00:00
prometheus,stress,583722,583722,controlled-amplification,0.0,200,583722,61328,61458,2500,250,1,1,1.0,True,accepted,0.011721375019988045,1025999,49,2026-08-02T12:26:05+00:00
loki,stress,19649,19649,controlled-amplification,0.0,200,19649,27789,27907,80,80,4,4,1.0,True,accepted,0.010748540982604027,46497,49,2026-08-02T12:26:05+00:00
tempo,stress,319582,319582,controlled-amplification,0.0,200,319582,330761,330881,500,500,1,1,1.0,True,accepted,0.07495283399475738,2012576,49,2026-08-02T12:26:05+00:00
kubernetes,stress,593630,593630,controlled-amplification,0.0,200,593630,241410,241540,180,201,2,2,1.0,True,accepted,0.02056149998679757,728747,50,2026-08-02T12:26:35+00:00
prometheus,stress,583722,583722,controlled-amplification,0.0,200,583722,61328,61458,2500,250,1,1,1.0,True,accepted,0.011756958992918953,1025999,50,2026-08-02T12:26:35+00:00
loki,stress,19649,19649,controlled-amplification,0.0,200,19649,27789,27907,80,80,4,4,1.0,True,accepted,0.010892999998759478,46591,50,2026-08-02T12:26:35+00:00
tempo,stress,319582,319582,controlled-amplification,0.0,200,319582,330761,330881,500,500,1,1,1.0,True,accepted,0.07715299999108538,2010232,50,2026-08-02T12:26:35+00:00
kubernetes,stress,593630,593630,controlled-amplification,0.0,200,593630,241410,241540,180,201,2,2,1.0,True,accepted,0.019393750000745058,728747,51,2026-08-02T12:27:05+00:00
prometheus,stress,583722,583722,controlled-amplification,0.0,200,583722,61328,61458,2500,250,1,1,1.0,True,accepted,0.011547125002834946,1025999,51,2026-08-02T12:27:05+00:00
loki,stress,19650,19650,controlled-amplification,0.0,200,19650,27789,27907,80,80,4,4,1.0,True,accepted,0.010702958999900147,46497,51,2026-08-02T12:27:05+00:00
tempo,stress,319582,319582,controlled-amplification,0.0,200,319582,330761,330881,500,500,1,1,1.0,True,accepted,0.07317691700882278,2012576,51,2026-08-02T12:27:05+00:00
kubernetes,stress,593630,593630,controlled-amplification,0.0,200,593630,241410,241540,180,201,2,2,1.0,True,accepted,0.019917917001293972,728747,52,2026-08-02T12:27:35+00:00
prometheus,stress,583722,583722,controlled-amplification,0.0,200,583722,61328,61458,2500,250,1,1,1.0,True,accepted,0.011306583997793496,1025999,52,2026-08-02T12:27:35+00:00
loki,stress,19650,19650,controlled-amplification,0.0,200,19650,27789,27907,80,80,4,4,1.0,True,accepted,0.010553333006100729,46544,52,2026-08-02T12:27:35+00:00
tempo,stress,319582,319582,controlled-amplification,0.0,200,319582,330761,330881,500,500,1,1,1.0,True,accepted,0.07495220800046809,2012576,52,2026-08-02T12:27:35+00:00
kubernetes,stress,593630,593630,controlled-amplification,0.0,200,593630,241410,241540,180,201,2,2,1.0,True,accepted,0.020072874991456047,728747,53,2026-08-02T12:28:05+00:00
prometheus,stress,583722,583722,controlled-amplification,0.0,200,583722,61328,61458,2500,250,1,1,1.0,True,accepted,0.011605249979766086,1025999,53,2026-08-02T12:28:05+00:00
loki,stress,19650,19650,controlled-amplification,0.0,200,19650,27789,27907,80,80,4,4,1.0,True,accepted,0.011034583003493026,46497,53,2026-08-02T12:28:05+00:00
tempo,stress,319582,319582,controlled-amplification,0.0,200,319582,330761,330881,500,500,1,1,1.0,True,accepted,0.08028425002703443,2012576,53,2026-08-02T12:28:05+00:00
kubernetes,stress,593630,593630,controlled-amplification,0.0,200,593630,241410,241540,180,201,2,2,1.0,True,accepted,0.024676083005033433,728747,54,2026-08-02T12:28:35+00:00
prometheus,stress,583722,583722,controlled-amplification,0.0,200,583722,61328,61458,2500,250,1,1,1.0,True,accepted,0.011811125004896894,1025999,54,2026-08-02T12:28:35+00:00
loki,stress,19650,19650,controlled-amplification,0.0,200,19650,27789,27907,80,80,4,4,1.0,True,accepted,0.010722874983912334,46497,54,2026-08-02T12:28:35+00:00
tempo,stress,319582,319582,controlled-amplification,0.0,200,319582,330761,330881,500,500,1,1,1.0,True,accepted,0.07399316699593328,2012576,54,2026-08-02T12:28:35+00:00
kubernetes,stress,593630,593630,controlled-amplification,0.0,200,593630,241410,241540,180,201,2,2,1.0,True,accepted,0.02088150000781752,728747,55,2026-08-02T12:29:05+00:00
prometheus,stress,583722,583722,controlled-amplification,0.0,200,583722,61328,61458,2500,250,1,1,1.0,True,accepted,0.011669916013488546,1025999,55,2026-08-02T12:29:05+00:00
loki,stress,19650,19650,controlled-amplification,0.0,200,19650,27789,27907,80,80,4,4,1.0,True,accepted,0.010486666986253113,46732,55,2026-08-02T12:29:05+00:00
tempo,stress,319582,319582,controlled-amplification,0.0,200,319582,330761,330881,500,500,1,1,1.0,True,accepted,0.07391424998058937,2012576,55,2026-08-02T12:29:05+00:00
kubernetes,stress,593630,593630,controlled-amplification,0.0,200,593630,241410,241540,180,201,2,2,1.0,True,accepted,0.01988525001797825,728747,56,2026-08-02T12:29:35+00:00
prometheus,stress,583722,583722,controlled-amplification,0.0,200,583722,61328,61458,2500,250,1,1,1.0,True,accepted,0.01152787497267127,1025999,56,2026-08-02T12:29:35+00:00
loki,stress,19650,19650,controlled-amplification,0.0,200,19650,27789,27907,80,80,4,4,1.0,True,accepted,0.010792040993692353,46544,56,2026-08-02T12:29:35+00:00
tempo,stress,319582,319582,controlled-amplification,0.0,200,319582,330761,330881,500,500,1,1,1.0,True,accepted,0.07374333401094191,2012576,56,2026-08-02T12:29:35+00:00
kubernetes,stress,593630,593630,controlled-amplification,0.0,200,593630,241410,241540,180,201,2,2,1.0,True,accepted,0.020134708989644423,728747,57,2026-08-02T12:30:05+00:00
prometheus,stress,583722,583722,controlled-amplification,0.0,200,583722,61328,61458,2500,250,1,1,1.0,True,accepted,0.011699416994815692,1025999,57,2026-08-02T12:30:05+00:00
loki,stress,19649,19649,controlled-amplification,0.0,200,19649,27789,27907,80,80,4,4,1.0,True,accepted,0.010766166989924386,46591,57,2026-08-02T12:30:05+00:00
tempo,stress,319582,319582,controlled-amplification,0.0,200,319582,330761,330881,500,500,1,1,1.0,True,accepted,0.07710545801091939,2013296,57,2026-08-02T12:30:05+00:00
kubernetes,stress,593630,593630,controlled-amplification,0.0,200,593630,241410,241540,180,201,2,2,1.0,True,accepted,0.02193954199901782,728747,58,2026-08-02T12:30:35+00:00
prometheus,stress,583722,583722,controlled-amplification,0.0,200,583722,61328,61458,2500,250,1,1,1.0,True,accepted,0.017525665985886008,1025999,58,2026-08-02T12:30:35+00:00
loki,stress,19650,19650,controlled-amplification,0.0,200,19650,27789,27907,80,80,4,4,1.0,True,accepted,0.013164625008357689,46826,58,2026-08-02T12:30:35+00:00
tempo,stress,319582,319582,controlled-amplification,0.0,200,319582,330761,330881,500,500,1,1,1.0,True,accepted,0.08109500000136904,2012576,58,2026-08-02T12:30:35+00:00
kubernetes,stress,593630,593630,controlled-amplification,0.0,200,593630,241410,241540,180,201,2,2,1.0,True,accepted,0.02048004200332798,728747,59,2026-08-02T12:31:05+00:00
prometheus,stress,583722,583722,controlled-amplification,0.0,200,583722,61328,61458,2500,250,1,1,1.0,True,accepted,0.012040208006510511,1025999,59,2026-08-02T12:31:05+00:00
loki,stress,19650,19650,controlled-amplification,0.0,200,19650,27789,27907,80,80,4,4,1.0,True,accepted,0.010920750006334856,46638,59,2026-08-02T12:31:05+00:00
tempo,stress,319582,319582,controlled-amplification,0.0,200,319582,330761,330881,500,500,1,1,1.0,True,accepted,0.07906208297936246,2012576,59,2026-08-02T12:31:05+00:00
kubernetes,stress,593630,593630,controlled-amplification,0.0,200,593630,241410,241540,180,201,2,2,1.0,True,accepted,0.01966208399971947,728726,60,2026-08-02T12:31:35+00:00
prometheus,stress,583722,583722,controlled-amplification,0.0,200,583722,61328,61458,2500,250,1,1,1.0,True,accepted,0.011699583003064618,1025999,60,2026-08-02T12:31:35+00:00
loki,stress,19650,19650,controlled-amplification,0.0,200,19650,27789,27907,80,80,4,4,1.0,True,accepted,0.010796249989653006,46497,60,2026-08-02T12:31:35+00:00
tempo,stress,319582,319582,controlled-amplification,0.0,200,319582,330761,330881,500,500,1,1,1.0,True,accepted,0.08139999999548309,2012576,60,2026-08-02T12:31:35+00:00
